Link,Title,Description,Published Date,Author,Keywords,Type
https://maddevs.io/blog/an-intro-to-the-ethereum-scaling-the-best-layer/,An Intro to the Ethereum Scaling: The Best Layer 2 Solutions,Check the article to explore layer 2s and the best Ethereum layer 2 solutions and how it allows the platform to perform cheaper and faster transactions.,,,,website
https://maddevs.io/faq/,Mad Devs: Frequently Asked Questions,"FAQs. Have a question? Find answers on our Frequently asked questions page. Discover more about Mad Devs' team, expertise, pricing, and more.",,,,website
https://maddevs.io/expert-kubernetes-services/,Expert Kubernetes Services - Transform Your Cloud Enviroment with Mad Devs,"Get professional K8s services for seamless deployment, scalability, and efficiency of your cloud enviroment. Trust our certified experts to manage your Kubernetes infrastructure.",,,,website
https://maddevs.io/team/,The management and development team at Mad Devs,Employees are our company's greatest asset - they're our competitive advantage. Meet Mad Devs experts who will make your project succeed.,,,,website
https://maddevs.io/glossary/,Your Ultimate Business and Tech Glossary | Mad Devs,"From B2B to UX, our glossary covers all the essential terms of business and tech areas.",,,,website
https://maddevs.io/software-audit-review/,Tech Audit and Information System Security Services,"Assess your tech infrastructure's security, performance, and efficiency and identify improvement areas based on a technical audit by Mad Devs.",,,,website
https://maddevs.io/project-discovery/,Discovery Phase Services for Product Development by Mad Devs,"Identify risks for a product launch, define software development scope, and estimate a future business vision with project discovery phase services.",,,,website
https://maddevs.io/sustainability-policy/,Approach to Mad Devs' Sustainability Policy,"Discover how we assess and review our processes to ensure compliance with environmental, resource efficiency, and occupational health and safety requirements.",,,,website
https://maddevs.io/e-learning/,E-Learning Solutions and EdTech Software Development Services,Discover how Mad Devs develops advanced e-Learning platforms and software that help people reach new knowledge in the most effective and accessible way.,,,,website
https://maddevs.io/blockchain/,Blockchain Technology Solutions and Services from Mad Devs,Find out how Mad Devs develop various blockchain-based EVM compatible solutions for decentralized systems to help digital future become secure and accessible.,,,,website
https://maddevs.io/blog/how-much-does-it-cost-to-make-a-unique-nft-marketplace/,How Much Does It Cost to Develop an NFT Marketplace from Scratch,Check the article to learn about the various steps involved in creating an NFT marketplace and about the cost of building it from scratch.,,,,website
https://maddevs.io/blog/authors/pavel-zverev/,Pavel Zverev - Backend Developer,Read writing from Pavel Zverev on our IT blog. Insightful articles on best custom software development practices. Quality content curated by Mad Devs.,,,,website
https://maddevs.io/cloud-infrastructure-optimization/,Cloud Infrastructure Optimization Services,Get our experts' customized strategies for your infrastructure to reduce cloud costs and enhance overall system performance.,,,,website
https://maddevs.io/development-process/,Software Development Approach at Mad Devs,Discover the transparent and streamlined development processes at Mad Devs that enable the delivery of the needed solutions at the right time.,,,,website
https://maddevs.io/fintech/,Fintech and Banking Solutions from Mad Devs,"Find out how Mad Devs develop and maintain a broad range of financial solutions, from specialized local applications to highly loaded and scalable global fintech platforms.",,,,website
https://maddevs.io/writeups/,Technical and Cybersecurity Write-ups,"Get the latest tech insights with our comprehensive technical and cybersecurity walkthroughs. Uncover innovative tech solutions with our Cybersecurity, ML, DevOps and other experts.",,,,website
https://maddevs.io/expertise/,Mad Devs Expertise in Software Development,"We develop, design, automate and manage, applying our engineering expertise to the best solutions for your business.",,,,website
https://maddevs.io/cybersecurity/,Mad Devs' Managed Cybersecurity Services and Solutions,Discover our solutions for businesses seeking reliable digital protection. Stay ahead of cyber threats with our managed cybersecurity services.,,,,website
https://maddevs.io/blog/,Blog about IT Solutions and Software Development,"IT blog about developing and managing enterprise-level software solutions for blockchain, fintech, transportation & logistics, security, edtech, and advertising industries.",,,,website
https://maddevs.io/open-source/,Open Source Projects | Mad Devs,Discover how Mad Devs open-source projects and boilerplate solutions help the community to make development productive and faster.,,,,website
https://maddevs.io/mobile-development/,Custom Mobile App Development Services by Mad Devs,"We provide a complete cycle of mobile app design, integration, and management services. Discover the best iOS and Android solutions that you'll be ecstatic to use yourself.",,,,website
https://maddevs.io/checklists/,Unleash Productivity: Discover the Power of Expert-Crafted Checklists,"Boost your project's success with our easy-to-follow checklists. Discover tools and strategies that save time, enhance team collaboration, and improve project outcomes.",,,,website
https://maddevs.io/tag/blockchain/,Top articles about Blockchain | Mad Devs Blog,Discover articles about Blockchain. Quality content curated by Mad Devs.,,,,website
https://maddevs.io/blog/how-to-choose-a-metaverse-development-company/,How to Choose a Metaverse Development Company: A Client's Guide,"The metaverse is reshaping digital interaction, but finding the ideal development company can be complex. This guide helps clients navigate in metaverse changing market, and select the right team and tech for development.",,,,website
https://maddevs.io/frontend-development/,Frontend Development Services by Mad Devs,Searching for frontend solutions for a perfect performance? Get great visuals and a phenomenal navigating experience with frontend solutions from Mad Devs.,,,,website
https://maddevs.io/blog/paypals-crypto-stablecoin-protections-and-potential/,PYUSD – What Potential Does PayPal Have on the Crypto Market?,"Discover the potential of PayPal's crypto into the stablecoin market and its impact on the financial industry. Learn about PYUSD's licensing, regulations, and opportunities for investors.",,,,website
https://maddevs.io/design/,Smart Design Services for Complex Projects from Mad Devs,Learn how Mad Devs combines innovative intuitive interface and functionality to make your solution stand out.,,,,website
https://maddevs.io/transparency/,Building Trust Through Transparency: Our Customer Relationship Philosophy,"Explore our transparency-focused approach, ensuring project longevity and client satisfaction, and learn how it improves project outcomes and workflow efficiency.",,,,website
https://maddevs.io/case-studies/,Solid Software Solutions and Case Studies by Mad Devs,"Discover how Mad Devs helps Clutch, RociFi, GoDee, Lido, and many other world-class brands and startups with their growth and maintenance.",,,,website
https://maddevs.io/blog/build-your-own-defi-company-list-of-the-best-analytics-tools/,Build Your Own DeFi Company: List of the Best 9 Analytics Tools,Explore the nine most useful tools for every investor in DeFi and describe the process of developing a tool that displays DeFi statistics.,,,,website
https://maddevs.io/healthtech/,Healthcare Technology Solutions from Mad Devs,Discover how Mad Devs creates digital healthcare products to improve patients' lives and optimize healthcare providers.,,,,website
https://maddevs.io/contact-us/,Get in touch with Mad Devs,"Mad Devs company's contact details, addresses, and phone numbers. Contact us, and we help to make your business grow.",,,,website
https://maddevs.io/blog/authors/mamed-nuriev/,Mamed Nuriev - Delivery Manager,Read writing from Mamed Nuriev on our IT blog. Insightful articles on best custom software development practices. Quality content curated by Mad Devs.,,,,website
https://maddevs.io/transportation/,Transportation and Logistic Solutions from Mad Devs,Discover how Mad Devs successfully develop highly scalable transportation and logistic solutions for any size of business,,,,website
https://maddevs.io/delivery-models/,Collaboration Approaches and Delivery Models | Mad Devs,Expand your development capabilities by choosing proper delivery models for your IT project. Manage your product growth through an effective collaboration model.,,,,website
https://maddevs.io/software-development-process-consultation/,Software Development Process Consultation Services,"Accelerate the delivery of features in the product, implement transparency in development processes, and decrease the risk of burnout in an engineering team with development process consulting services.",,,,website
https://maddevs.io/blog/role-of-brc-20-in-shaping-the-future-of-digital-assets/,What Is the Role of BRC-20 in Shaping the Future of Digital Assets,"Discover the revolutionary BRC-20 standard for token creation on the Bitcoin blockchain. Learn its workings, advantages, limitations, and impact on the Bitcoin ecosystem.",,,,website
https://maddevs.io/blog/how-to-build-a-successful-web3-product/,How to Build a Successful Web 3.0 Product?,Check the article to learn more about Web3 technologies and examples that you can already try. Explore how to build successful Web3 apps.,,,,website
https://maddevs.io/project-management/,Project Management Services and Solutions by Mad Devs,Take the risk out of any software development initiative and ensure your IT project's successful completion with project management services by Mad Devs.,,,,website
https://maddevs.io/backend-development/,Backend Development Services by Mad Devs,Scale up your business at the required speed with Mad Devs backend solutions based on years of experience and deep knowledge of various tools and technologies.,,,,website
https://maddevs.io/blog/cost-of-failure-in-smart-contract-development/,What Is the Cost of Failure in Smart-Contract Development,"Discover the failures that are possible because of smart-contract vulnerabilities, how to prevent them with a security audit, and how much smart-contract audits cost.",,,,website
https://maddevs.io/,Mad Devs - Your Trusted Engineering Team,Mad Devs is a tech company with deep expertise in custom software development that also focuses on building transparent communication and work processes.,,,,website
https://maddevs.io/blog/tokenized-stocks-market-trends-and-top-platforms/,"Tokenized Stocks Market, Trends, and Platforms Overview","In this article we will take a detailed look at the tokenized securities and examples of platforms that issue tokenized stocks to other companies. And, of course, we will talk about the opportunities, advantages, and peculiarities of tokenized stocks and tokenization as a whole.",,,,website
https://maddevs.io/hr-consulting/,People Management Consulting for Tech Companies,"Attract, retain, and develop talented employees with HR consulting services for your tech company. Our specialists provide expertise to improve HR procedures and implement transparent work processes.",,,,website
https://maddevs.io/blog/ready-to-use-preconfigured-hardhat-boilerplate/,Ready-To-Use Preconfigured Hardhat Boilerplate,"Discover the ready-to-use pre-configured Hardhat Ethereum development environment with prebuilt smart contracts, automated tests, and scripts to help with deployment.",,,,website
https://maddevs.io/build-operate-transfer/,Expand the Hiring Tech Teams with the Build-Operate-Transfer Model,"Do you face long and complex recruitment processes for your tech team? Our BOT model allows you to outsource all HR processes, including professional growth & payroll, with an option to transfer new employees to your company.",,,,website
https://maddevs.io/content-marketing-consultations/,Content Marketing & SEO Consulting Services for Tech Companies,"Grow your brand awareness, manage your reputation, and drive more traffic to your website with content marketing and SEO consulting services.",,,,website
https://maddevs.io/digest/,IT and Business Digests from Mad Devs,Insightful articles on the best custom software development and project management practices. Quality content curated by Mad Devs editors.,,,,website
https://maddevs.io/blog/the-difference-between-classic-app-and-blockchain-app/,Centralized App vs. Decentralized App: What Is the Difference?,"In this article, we will walk through the differences between both types of apps so you can decide how to proceed with your marketing and development efforts.",,,,website
https://maddevs.io/blog/white-label-cryptocurrency-exchange-software/,How to Develop White Label Cryptocurrency Exchange Software,In this article we will explain the main points of cryptocurrency exchange software development and provide a list of best white label cryptocurrency exchange software.,,,,website
https://maddevs.io/machine-learning/,Machine Learning Services by Mad Devs,Find out how we provide in-depth solutions that leverage state-of-the-art algorithms and data analysis to extract actionable insights and empower you to achieve business goals effectively.,,,,website
https://maddevs.io/continuous-penetration-testing/,Continuous Penetration Testing Services by Mad Devs,Unleash the power of secure growth – Mad Devs' continuous penetration testing ensures response to security threats and systematic vulnerability analysis.,,,,website
https://maddevs.io/software-testing/,Quality Assurance and Software Testing Services by Mad Devs,"Minimize defects in production, and improve the performance of your product with QA and software testing services by Mad Devs.",,,,website
https://maddevs.io/custom-software-development/,Custom Software Development Services by Mad Devs,"Get world-class custom software development services from Mad Devs. Make your product smooth and efficient with top-reliable, highly scalable, tailored tech solutions.",,,,website
https://maddevs.io/blog/authors/nuradil-alymkulov/,Nuradil Alymkulov - Full Stack Developer,Read writing from Nuradil Alymkulov on our IT blog. Insightful articles on best custom software development practices. Quality content curated by Mad Devs.,,,,website
https://maddevs.io/ebooks/,Top Software Industry Ebooks from Mad Devs,"Discover ebooks about software solutions for FinTech, Transportation, Blockchain, Healthcare and other industries. Insightful ebooks on the best IT practices by Mad Devs.",,,,website
https://maddevs.io/careers/,Mad Devs Careers: Work with Us,"Join our team of 100+ staff members working on unique projects, master new IT skills, and build a fantastic career path in cloud and software engineering.",,,,website
https://maddevs.io/devops/,DevOps and Cloud Engineering Services by Mad Devs,Searching for cloud engineering services? Automate software delivery processes and scale your business with our DevOps services.,,,,website
https://maddevs.io/blog/the-ethereum-virtual-machine-what-is-it/,The Ethereum Virtual Machine - How to Make Business on It?,Check the article to explore the Ethereum Virtual Machine and how it allows developers to create smart contracts compatible with the Ethereum network.,,,,website
https://maddevs.io/our-philosophy/,"Mad Devs' Philosophy - Our Vision, Mission, Principles and Values","Discover how our mission, values, principles and vision help us provide quality solutions to leading technology companies and innovative startups worldwide.",,,,website
https://maddevs.io/blog/authors/anatoliy-fedorenko/,Anatoliy Fedorenko - Delivery Manager,Read writing from Anatoliy Fedorenko on our IT blog. Insightful articles on best custom software development practices. Quality content curated by Mad Devs.,,,,website
https://maddevs.io/blog/authors/altynbek-ismailov/,Altynbek Ismailov - Cryptomarry Founder,Read writing from Altynbek Ismailov on our IT blog. Insightful articles on best custom software development practices. Quality content curated by Mad Devs.,,,,website
